M6K,Thistletown-Beaumond Heights
M8V,Thistletown-Beaumond Heights
M8V 0A5,Kingsview Village-The Westway
M8V 0B1,Kingsway South
M8V 0B7,Islington-City Centre West
M8V 1A1,Etobicoke West Mall
M8V 1B5,Edenbridge-Humber Valley
M8V 1B6,Kingsview Village-The Westway
M8V 1B7,Kingsview Village-The Westway
M8V 1B8,Edenbridge-Humber Valley
M8V 1C4,Elms-Old Rexdale
M8V 1C5,Mimico (includes Humber Bay Shores)
M8V 1M2,Etobicoke West Mall
M8V 1M4,Rexdale-Kipling
M8V 1P7,Long Branch
M8V 2V6,West Humber-Clairville
M8V 2V7,Willowridge-Martingrove-Richview
M8V 2W1,Stonegate-Queensway
M8V 3Y3,Princess-Rosethorn
M8W 1M8,Princess-Rosethorn
M8W 1N2,Thistletown-Beaumond Heights
M8W 1N5,Etobicoke West Mall
M8W 1N6,Mount Olive-Silverstone-Jamestown
M8W 1P4,Princess-Rosethorn
M8W 1P5,New Toronto
M8W 1P7,Stonegate-Queensway
M8W 1R1,Thistletown-Beaumond Heights
M8W 1R2,Rexdale-Kipling
M8W 1Z6,Kingsview Village-The Westway
M8W 2K2,West Humber-Clairville
M8W 2V4,Etobicoke West Mall
M8W 3B5,Alderwood
M8W 3S2,Alderwood
M8W 3T5,Markland Wood
M8W 3T7,Markland Wood
M8W 3T9,Kingsview Village-The Westway
M8W 3W2,Markland Wood
M8W 4W3,Alderwood
M8X,Elms-Old Rexdale
M8X 1B3,Alderwood
M8X 1B5,Kingsview Village-The Westway
M8X 1B8,Kingsview Village-The Westway
M8X 1B9,Long Branch
M8X 1C4,Etobicoke West Mall
M8X 1C7,Humber Heights-Westmount
M8X 1C8,Etobicoke West Mall
M8X 1E7,Willowridge-Martingrove-Richview
M8X 1E9,Willowridge-Martingrove-Richview
M8X 1G2,Humber Heights-Westmount
M8X 1G3,Thistletown-Beaumond Heights
M8X 1G7,Elms-Old Rexdale
M8X 1X3,Thistletown-Beaumond Heights
M8X 1Y6,Stonegate-Queensway
M8X 2B5,Stonegate-Queensway
M8X 2E5,Rexdale-Kipling
M8X 2X3,Mimico (includes Humber Bay Shores)
M8X 2X4,Rexdale-Kipling
M8Y 0A7,New Toronto
M8Y 0B6,Rexdale-Kipling
M8Y 1H8,Alderwood
M8Y 1K6,Edenbridge-Humber Valley
M8Y 1K7,Elms-Old Rexdale
M8Y 1K8,Rexdale-Kipling
M8Y 1L2,Long Branch
M8Y 1L3,New Toronto
M8Y 2R1,Markland Wood
M8Y 2R3,Alderwood
M8Y 3H8,Kingsway South
M8Y 4E2,Rexdale-Kipling
M8Z,Long Branch
M8Z 1J4,Willowridge-Martingrove-Richview
M8Z 1K2,Mount Olive-Silverstone-Jamestown
M8Z 1K6,Eringate-Centennial-West Deane
M8Z 1M8,Islington-City Centre West
M8Z 1N1,Alderwood
M8Z 1N6,Elms-Old Rexdale
M8Z 1N7,Kingsway South
M8Z 1P3,Willowridge-Martingrove-Richview
M8Z 1P4,Willowridge-Martingrove-Richview
M8Z 1P6,New Toronto
M8Z 1P7,Humber Heights-Westmount
M8Z 1R5,Kingsview Village-The Westway
M8Z 1R8,West Humber-Clairville
M8Z 1S1,Willowridge-Martingrove-Richview
M8Z 1S2,Rexdale-Kipling
M8Z 1S4,Princess-Rosethorn
M8Z 1T5,Mimico (includes Humber Bay Shores)
M8Z 1T8,Stonegate-Queensway
M8Z 1V1,New Toronto
M8Z 2G6,Stonegate-Queensway
M8Z 2G9,Edenbridge-Humber Valley
M8Z 2R4,Alderwood
M8Z 2S6,Willowridge-Martingrove-Richview
M8Z 4R6,Elms-Old Rexdale
M8Z 4S1,Islington-City Centre West
M8Z 4X3,Markland Wood
M8Z 4X4,New Toronto
M8Z 5B8,Kingsway South
M8Z 5C9,Markland Wood
M8Z 5E7,Elms-Old Rexdale
M8Z 5G4,Long Branch
M8Z 5G5,New Toronto
M8Z 5G8,Edenbridge-Humber Valley
M8Z 5G9,Alderwood
M8Z 5K7,Humber Heights-Westmount
M8Z 5L1,Long Branch
M8Z 5X2,Long Branch
M8Z 6A4,Edenbridge-Humber Valley
M9A,Mimico (includes Humber Bay Shores)
M9A 1A9,Willowridge-Martingrove-Richview
M9A 1B4,New Toronto
M9A 1B6,Kingsway South
M9A 1B7,Edenbridge-Humber Valley
M9A 1B9,West Humber-Clairville
M9A 1C2,Stonegate-Queensway
M9A 3T7,Stonegate-Queensway
M9B,Markland Wood
M9B 1A8,Elms-Old Rexdale
M9B 1A9,Alderwood
M9B 1B1,West Humber-Clairville
M9B 1B2,Rexdale-Kipling
M9B 1B5,Edenbridge-Humber Valley
M9B 1K9,West Humber-Clairville
M9B 1L1,Etobicoke West Mall
M9B 2A2,Etobicoke West Mall
M9B 3Y8,Princess-Rosethorn
M9B 4B1,Mimico (includes Humber Bay Shores)
M9B 6J1,Edenbridge-Humber Valley
M9B 6L3,New Toronto
M9B 6L5,Long Branch
M9C,Thistletown-Beaumond Heights
M9C 1A8,Mount Olive-Silverstone-Jamestown
M9C 1B8,Rexdale-Kipling
M9C 1C2,Mount Olive-Silverstone-Jamestown
M9C 1E7,Thistletown-Beaumond Heights
M9C 2N2,Edenbridge-Humber Valley
M9C 3B2,Princess-Rosethorn
M9C 3S8,Alderwood
M9C 5H5,Kingsway South
M9C 5J5,Rexdale-Kipling
M9C 5K6,West Humber-Clairville
M9P 1B2,Markland Wood
M9P 1W5,Long Branch
M9P 2M4,Long Branch
M9P 2T3,Islington-City Centre West
M9P 3B5,Mimico (includes Humber Bay Shores)
M9P 3B6,Thistletown-Beaumond Heights
M9P 3C4,Thistletown-Beaumond Heights
M9R,West Humber-Clairville
M9R 2R5,West Humber-Clairville
M9R 2R7,New Toronto
M9V,Humber Heights-Westmount
M9V 0A1,Princess-Rosethorn
M9V 1A5,Mount Olive-Silverstone-Jamestown
M9V 1A7,Kingsview Village-The Westway
M9V 1A8,Etobicoke West Mall
M9V 1B4,Princess-Rosethorn
M9V 1C3,New Toronto
M9V 2X5,Long Branch
M9V 2X6,West Humber-Clairville
M9V 4B4,West Humber-Clairville
M9V 4J9,Humber Heights-Westmount
M9V 4N4,Mount Olive-Silverstone-Jamestown
M9V 5E2,Mount Olive-Silverstone-Jamestown
M9V 5H5,Etobicoke West Mall
M9V 5H7,Etobicoke West Mall
M9W,Mimico (includes Humber Bay Shores)
M9W 0B1,Kingsway South
M9W 0B3,Willowridge-Martingrove-Richview
M9W 0B5,Alderwood
M9W 1H7,Islington-City Centre West
M9W 1J1,New Toronto
M9W 1J3,New Toronto
M9W 1J5,Eringate-Centennial-West Deane
M9W 1J8,Edenbridge-Humber Valley
M9W 1J9,Eringate-Centennial-West Deane
M9W 1P1,New Toronto
M9W 1P7,Princess-Rosethorn
M9W 1R6,Alderwood
M9W 2P1,Stonegate-Queensway
M9W 3W6,Alderwood
M9W 3W7,Mount Olive-Silverstone-Jamestown
M9W 3X2,Thistletown-Beaumond Heights
M9W 4W6,Willowridge-Martingrove-Richview
M9W 5L2,Rexdale-Kipling
M9W 5L7,Alderwood
M9W 5Y6,Thistletown-Beaumond Heights
M9W 5Z3,Long Branch
M9W 6A2,Islington-City Centre West
M9W 6H5,Mount Olive-Silverstone-Jamestown
M9W 6J1,Mount Olive-Silverstone-Jamestown
M9W 6K5,New Toronto
M9W 6N5,New Toronto
M9W 6Y9,Willowridge-Martingrove-Richview
