M5C 2W1,St. James Park
M5G 2J9,Discovery District
M5H 3W4,Bay Street Corridor
M5H 2N2,Bay Street Corridor
M5B,Church-Yonge Corridor
M5G 0B3,Bay Street Corridor
M5L 1E9,Bay Street Corridor
M4Y 1J9,Bay Street Corridor
M5T 1P9,University
M5T 2W5,Kensington-Chinatown
M5B 1H6,Bay Street Corridor
M5L 1E2,Waterfront Communities
M4Y 1J7,University
M5B 1X5,Bay Street Corridor
M5T 1L1,Bay Street Corridor
M5B 2H6,Bay Street Corridor
M5G 1R3,Bay Street Corridor
M5H 3Y2,Waterfront Communities
M5G 1V2,Bay Street Corridor
M5B 1J6,Bay Street Corridor
M5C 1N8,Bay Street Corridor
M5S 2H7,University
M5C 2R6,Waterfront Communities
M5B 2E7,Bay Street Corridor
M5G 2N2,Bay Street Corridor
M5T 1L3,University
M5T 1V7,Kensington-Chinatown
M5C 3G5,Bay Street Corridor
M5J,Waterfront Communities
M4Y 1R4,Bay Street Corridor
M5G 2A2,Kensington-Chinatown
M5B 2J4,Church-Yonge Corridor
M5T 1L2,Kensington-Chinatown
M5G 1H2,Kensington-Chinatown
M5C 2A1,Waterfront Communities
M5T 1W3,Kensington-Chinatown
M5B 1N8,Church-Yonge Corridor
M5J 2L7,Waterfront Communities
M5C 2R1,Waterfront Communities
M5C 3G8,Waterfront Communities
M5B 1S5,Bay Street Corridor
M5S 1G5,University
M5T 1G1,Kensington-Chinatown
M5H 3C2,Bay Street Corridor
M5B 2G3,Moss Park
M6P 4A9,Dufferin Grove
M5L 1G9,Bay Street Corridor
M5T 3A3,Kensington-Chinatown
M4Y 1E7,Bay Street Corridor
M4Y 2X6,Bay Street Corridor
M5G 1Z4,Bay Street Corridor
M5G 1B1,Bay Street Corridor
M5B 1E1,Church-Yonge Corridor
M5E 1G4,Church-Yonge Corridor
M5C 1Y2,Church-Yonge Corridor
M4Y 1A1,Bay Street Corridor
M5T 1G2,Kensington-Chinatown
M4Y 1Z3,Bay Street Corridor
M5B 1L2,Church-Yonge Corridor
M5T 3K1,Kensington-Chinatown
M5B 2H9,Church-Yonge Corridor
M5B 1R8,Bay Street Corridor
M5B 1T8,University
M5H 2N1,Kensington-Chinatown
M5B 1G7,University
M5H 0A3,Bay Street Corridor
M5S 2J2,University
M5T 2C5,Kensington-Chinatown
M5S 3C4,Bay Street Corridor
M5C 1R5,University
M5H 4A9,Waterfront Communities
M5G 1X5,Bay Street Corridor
M5C 3B4,Kensington-Chinatown
M5T 1Y9,Kensington-Chinatown
M5G 1C4,Kensington-Chinatown
M5T 2Z6,Waterfront Communities
M5G 2K9,Bay Street Corridor
M5B 2R3,Bay Street Corridor
M4Y 1Y8,University
M4Y 1Z5,Kensington-Chinatown
M5J 1H8,Bay Street Corridor
M5T 2C7,Waterfront Communities
M5G 2L2,Bay Street Corridor
M5G 1C9,University
M5G 2B3,Bay Street Corridor
M5T 1W2,University
M5T 2X4,Bay Street Corridor
M5G 0A8,Kensington-Chinatown
M5C 2V8,Bay Street Corridor
M5H 1B6,Bay Street Corridor
M4Y 2R4,Kensington-Chinatown
M5C 2B4,Kensington-Chinatown
M5H 2M5,Bay Street Corridor
M5E 1C3,Bay Street Corridor
M5B 2A2,Bay Street Corridor
M4B,University
M4Y 1J8,University
M5X 1C9,Bay Street Corridor
M5G 1P5,University
M5C 2G1,Waterfront Communities
M5B 1L4,Waterfront Communities
M5G 1M6,University
M4Y 1A8,Bay Street Corridor
M5G 2K4,Bay Street Corridor
M4Y 1X1,Bay Street Corridor
M5G 2M9,Kensington-Chinatown
M5J 2S4,Bay Street Corridor
M5G 2L3,Waterfront Communities
M5T 1K5,Bay Street Corridor
M5H 1Y4,Bay Street Corridor
M4Y 1K9,Waterfront Communities
M5B 2L7,Bay Street Corridor
M5B 2M2,University
M5C 3E4,Bay Street Corridor
M5G 1X8,University
M5G 1H1,Bay Street Corridor
M5T 1G7,Kensington-Chinatown
M5G 1C7,Bay Street Corridor
M5S,Bay Street Corridor
M5T 1R4,Waterfront Communities
M5S 3A5,Kensington-Chinatown
M5T 1G5,University
M5B 2G9,University
M5H 4G3,Bay Street Corridor
M4Y 1Y9,Bay Street Corridor
M5G 1K2,Bay Street Corridor
M5J 2S1,Kensington-Chinatown
M5H 2M9,Kensington-Chinatown
M5C 2L7,Bay Street Corridor
M5G 2C4,Bay Street Corridor
M5G 1C8,Bay Street Corridor
M4Y 0A5,University
M4Y 2B3,Waterfront Communities
M5G 1M1,Kensington-Chinatown
M5T 2A8,University
M5H 3R3,Bay Street Corridor
M5G 1C3,Bay Street Corridor
M5G 1C5,Bay Street Corridor
M5G 1Z8,University
M5T 2W7,Waterfront Communities
M5B 0B4,Kensington-Chinatown
M5G 1S5,Kensington-Chinatown
M5C 2C5,Waterfront Communities
M5H 2C9,Bay Street Corridor
M7A 2H1,Kensington-Chinatown
M5G,Kensington-Chinatown
M5C 1S8,Bay Street Corridor
M5H 2N6,University
M5H 1N1,Waterfront Communities
M5G 1J5,Waterfront Communities
M5C 3G7,University
M5B 1NB,Kensington-Chinatown
M5H 2R2,Kensington-Chinatown
M5H 3M9,University
M5B 2C5,Kensington-Chinatown
M5C 1R8,Bay Street Corridor
M5G 2C8,Waterfront Communities
M5T 3K5,Bay Street Corridor
M5G 2E9,Waterfront Communities
M5G 1R5,Waterfront Communities
M5B 1W8,Bay Street Corridor
M7A 2C7,Bay Street Corridor
M4Y 1X9,Bay Street Corridor
M5G 2C5,Kensington-Chinatown
M5B 1Y7,Kensington-Chinatown
M5C 2E3,University
M5G 2K5,Kensington-Chinatown
M5G 2K2,Bay Street Corridor
M5G 1P7,University
M5H 3B3,Bay Street Corridor
M5J 1C4,Bay Street Corridor
M5G 2A7,Bay Street Corridor
M5G 1N6,Waterfront Communities
M5B 1T3,Bay Street Corridor
M4B 2L9,Bay Street Corridor
M3B 3B5,Waterfront Communities
M5H 1A1,Kensington-Chinatown
M5C 2Y6,Kensington-Chinatown
M5H 3Z4,University
M5J 1T1,Kensington-Chinatown
M5G 1M7,Kensington-Chinatown
M5C 2V9,Waterfront Communities
M5V 2L4,University
M5G 1M8,University
M5G 1T6,Bay Street Corridor
M5C 1N7,University
M4W 1A7,Waterfront Communities
M5J 1V6,University
M5V 1L7,Bay Street Corridor
M5C 2B8,Bay Street Corridor
M5G 1C6,University
M5G 0A4,Waterfront Communities
M5S 2T9,Bay Street Corridor
M5H 1J8,Bay Street Corridor
M4Y 0B6,University
M5T 1W4,Bay Street Corridor
M5H 2S8,Bay Street Corridor
M5G 1X6,Bay Street Corridor
M5G 1E2,Bay Street Corridor
M5L 1L5,Bay Street Corridor
M5C 1W4,University
M5C 1X3,Bay Street Corridor
M5G 1G7,Bay Street Corridor
M5C 1S6,Bay Street Corridor
M5C,Bay Street Corridor
M5B 2A1,Waterfront Communities
M5T 2Z5,Bay Street Corridor
M5B 2H1,Bay Street Corridor
M5B 1S6,Waterfront Communities
M5G 2J8,Kensington-Chinatown
M5B 1G3,Waterfront Communities
M5J 2H7,Kensington-Chinatown
M5S 3L4,Bay Street Corridor
M5B 1S8,Bay Street Corridor
M5B 1E4,Kensington-Chinatown
M5G 2C2,Waterfront Communities
M4Y 1X5,University
M4Y 2B2,University
M5H 3K6,Bay Street Corridor
M5T,Bay Street Corridor
M5C 2B1,Kensington-Chinatown
M4Y 1B4,Waterfront Communities
M5J 2M2,Bay Street Corridor
M4Y 2B6,Bay Street Corridor
M5H 3X4,University
M5J 2V1,Bay Street Corridor
M5S 3L6,Waterfront Communities
M5L 1G5,Bay Street Corridor
M5C 1C4,Kensington-Chinatown
M5J 1G2,Bay Street Corridor
M5J 2L6,Waterfront Communities
M5T 1G4,Kensington-Chinatown
M5S 2B1,University
M5S 1Y9,Bay Street Corridor
M5B 1M4,Bay Street Corridor
M5H,Bay Street Corridor
M5G 2K8,University
M5E 1H5,University
M5B 2M8,Bay Street Corridor
M5H 4E7,Bay Street Corridor
M5B 2N6,University
M5L 1G4,Kensington-Chinatown
M5B 1Y6,University
M5H 2A3,Bay Street Corridor
M5G 1Z5,Bay Street Corridor
M5G 1M5,Waterfront Communities
M5C 1M5,Kensington-Chinatown
M5G 2R2,Waterfront Communities
M5B 1T1,Bay Street Corridor
M5T 1P7,Bay Street Corridor
M4Y 2A6,Bay Street Corridor
M5G 1Z3,Kensington-Chinatown
M5G 2C9,Kensington-Chinatown
M5B 2L9,Bay Street Corridor
M5E 1G5,University
M5C 2W5,University
M4Y 1Z8,University
M5S 3K5,Waterfront Communities
M5H 2Y4,Waterfront Communities
M4Y 1P9,Bay Street Corridor
M4Y 1W9,Bay Street Corridor
M5G 2R3,Bay Street Corridor
M5B 2H4,Bay Street Corridor
M5T 2Y4,Waterfront Communities
M5C 1N2,University
M5J 2T3,Bay Street Corridor
M5H 2L2,Bay Street Corridor
M5V 2K6,Waterfront Communities
M5B 1S9,University
M5B 1G9,Kensington-Chinatown
M5B 2B4,Waterfront Communities
M5C 1K6,Kensington-Chinatown
M5E 1X8,Waterfront Communities
M5C 1J4,Bay Street Corridor
M4W 1A7,Waterfront Communities-The Island
M5H,Waterfront Communities-The Island
M5H 0A6,Waterfront Communities-The Island
M5H 1K4,Waterfront Communities-The Island
M5H 1K5,Waterfront Communities-The Island
M5H 1W7,Waterfront Communities-The Island
M5H 1X6,Waterfront Communities-The Island
M5H 1X9,Waterfront Communities-The Island
M5H 1Y2,Waterfront Communities-The Island
M5H 3C6,Waterfront Communities-The Island
M5H 3E5,Waterfront Communities-The Island
M5H 3G2,Waterfront Communities-The Island
M5H 3G4,Waterfront Communities-The Island
M5H 3G8,Waterfront Communities-The Island
M5H 3S6,Waterfront Communities-The Island
M5H 3T4,Waterfront Communities-The Island
M5H 4H1,Waterfront Communities-The Island
M5J 2L6,Waterfront Communities-The Island
M5J 3A6,Waterfront Communities-The Island
M5J 3A7,Waterfront Communities-The Island
M5V,Waterfront Communities-The Island
M5V 0C4,Waterfront Communities-The Island
M5V 0E9,Waterfront Communities-The Island
M5V 0G6,Waterfront Communities-The Island
M5V 1H1,Waterfront Communities-The Island
M5V 1H2,Waterfront Communities-The Island
M5V 1J2,Waterfront Communities-The Island
M5V 1J5,Waterfront Communities-The Island
M5V 1J6,Waterfront Communities-The Island
M5V 1J9,Waterfront Communities-The Island
M5V 1K1,Waterfront Communities-The Island
M5V 1K2,Waterfront Communities-The Island
M5V 1K3,Waterfront Communities-The Island
M5V 1P6,Waterfront Communities-The Island
M5V 1P7,Waterfront Communities-The Island
M5V 1R1,Waterfront Communities-The Island
M5V 1R3,Waterfront Communities-The Island
M5V 1R4,Waterfront Communities-The Island
M5V 1R7,Waterfront Communities-The Island
M5V 1W2,Waterfront Communities-The Island
M5V 1W4,Waterfront Communities-The Island
M5V 1X2,Waterfront Communities-The Island
M5V 1X3,Waterfront Communities-The Island
M5V 2E1,Waterfront Communities-The Island
M5V 2E2,Waterfront Communities-The Island
M5V 2E4,Waterfront Communities-The Island
M5V 2E5,Waterfront Communities-The Island
M5V 2G3,Waterfront Communities-The Island
M5V 2G5,Waterfront Communities-The Island
M5V 2G7,Waterfront Communities-The Island
M5V 2H1,Waterfront Communities-The Island
M5V 2H2,Waterfront Communities-The Island
M5V 2H5,Waterfront Communities-The Island
M5V 2K2,Waterfront Communities-The Island
M5V 2K8,Waterfront Communities-The Island
M5V 2L1,Waterfront Communities-The Island
M5V 2L4,Waterfront Communities-The Island
M5V 2L7,Waterfront Communities-The Island
M5V 2T6,Waterfront Communities-The Island
M5V 2W6,Waterfront Communities-The Island
M5V 2X3,Waterfront Communities-The Island
M5V 2X4,Waterfront Communities-The Island
M5V 3A8,Waterfront Communities-The Island
M5V 3B6,Waterfront Communities-The Island
M5V 3B7,Waterfront Communities-The Island
M5V 3C3,Waterfront Communities-The Island
M5V 3C6,Waterfront Communities-The Island
M5V 3C7,Waterfront Communities-The Island
M5V 3E4,Waterfront Communities-The Island
M5V 3G2,Waterfront Communities-The Island
M5V 3G5,Waterfront Communities-The Island
M5V 3G7,Waterfront Communities-The Island
M5V 3H1,Waterfront Communities-The Island
M5V 3H6,Waterfront Communities-The Island
M5V 3K2,Waterfront Communities-The Island
M5V 3L9,Waterfront Communities-The Island
M5V 3M2,Waterfront Communities-The Island
M5V 3M5,Waterfront Communities-The Island
M5V 3M6,Waterfront Communities-The Island
M5V 3M9,Waterfront Communities-The Island
M5V 3P1,Waterfront Communities-The Island
M5V 3P5,Waterfront Communities-The Island
M5V 3P7,Waterfront Communities-The Island
M5V 3S6,Waterfront Communities-The Island
M5V 3S8,Waterfront Communities-The Island
M5V 3T4,Waterfront Communities-The Island
M5V 3W1,Waterfront Communities-The Island
M5V 3W7,Waterfront Communities-The Island
M5V 3X2,Waterfront Communities-The Island
M5V 3X5,Waterfront Communities-The Island
M5V 9G9,Waterfront Communities-The Island
M9N,Waterfront Communities-The Island