Alexandra Park,Kensington-Chinatown
Bayview Village,Bayview Village
Beaconsfield Village,Little Portugal
Bickford Park,Dovercourt-Wallace Emerson-Junction
Bloordale Village,Dufferin Grove
Bloor-West Village,High Park North/ High Park-Swansea
Brockton Village,Roncesvalles
Cabbagetown,Cabbagetown-South St. James Town
Casa Loma,Casa Loma
Chinatown,Kensington-Chinatown
Christie Pits,Dovercourt-Wallace Emerson-Junction
Church-Wellesley Village,Church-Yonge Corridor
City Place,Waterfront Communities-The Island
Corktown,Moss Park
Corso Italia,Corso Italia-Davenport
Deer Park,Yonge-St. Clair
Discovery District,Bay Street Corridor
Distillery District,Waterfront Communities-The Island
Dovercourt,Dufferin Grove
Downsview,Downsview-Roding-CFB
Downtown Core,#N/A
Dufferin Grove,Dufferin Grove
East York,#N/A
Edgeley,York University
Entertainment District,#N/A
Erin Mills,Eringate-Centennial-West Deane
Etobicoke,#N/A
Financial District,Bay Street Corridor
Greektown,Blake-Jones
Hanlan,Waterfront Communities-The Island
Harbourfront,Waterfront Communities-The Island
High Park,High Park North
Kensington Market,Kensington-Chinatown
Koreatown,Dovercourt-Wallace Emerson-Junction
Langstaff,Milliken
Lawrence Park,Lawrence Park North
Leslieville,South Riverdale
Liberty Village,Niagara
Little Italy,Palmerston-Little Italy
Little Portugal,Little Portugal
Markland Wood,Markland Wood
Meadowvale Village,Eringate-Centennial-West Deane
Milliken,Milliken
Mississauga Valley,Markland Wood
Moore Park,Rosedale-Moore Park
Mount Pleasant and Davisville,Mount Pleasant East/ Mount Pleasant West
New Toronto,New Toronto
Niagara,Niagara
Ossington Strip,Trinity-Bellwoods
Palmerston,Palmerston-Little Italy
Parkdale,South Parkdale
Queen Street West,Trinity-Bellwoods
Rexdale,Rexdale-Kipling
Riverdale,North Riverdale
Roncesvalles,Roncesvalles
Rosedale,Rosedale-Moore Park
Ryerson,Church-Yonge Corridor
Scarborough,#N/A
Seaton Village,Annex
South Hill,Casa Loma
St. Lawrence,Waterfront Communities-The Island
Summer Hill,Yonge-St.Clair
Swansea,High Park-Swansea
The Annex,Annex
The Beach,The Beaches
The Danforth,Danforth
The Junction,Junction Area
Thornhill,Newtonbrook East
Trinity Bellwoods,Trinity-Bellwoods
University of Toronto,University
Upper Beach,The Beaches
Wallace Emerson,Dovercourt-Wallace Emerson-Junction
West Don Lands,Waterfront Communities-The Island
West Queen West,Niagara
Willowdale,Willowdale East / Willowdale West
Wychwood,Wychwood
Yonge and Eglinton,Yonge-Eglinton
Yonge and St. Clair,Yonge-St. Clair
Yorkville,Rosedale-Moore Park